abdicate_throne;Abdicate the Throne;;;;;;;;;;;;;x
abdicate_throne_desc;As absolute monarch, you may abdicate your throne and all of your titles to your current heir, provided they are of your dynasty. Once the abdication is complete, you will continue playing as your current heir.;;;;;;;;;;;;;x
abd_ask;Will gain all of your titles and ascend the throne;;;;;;;;;;;;;x
ABD.001.DESC;Your liege has decided to offer you the throne as they have chosen to abdicate;;;;;;;;;;;;;x
ABD.001.A;I accept this tremendous honour;;;;;;;;;;;;;x
ABD.002.DESC;[From.GetTitledName] has accepted your gracious offer of abdication, and assumes your throne and all titles forthwith;;;;;;;;;;;;;x
ABD.002.A;So be it;;;;;;;;;;;;;x