#CODE;ENGLISH;FRENCH;GERMAN;;SPANISH;;;;;;;;;x;
DEATH_ROBMODNORSE_TRAINING;was killed training with the Oathsmen;a été tué avec les hommes assermentés;wurde mit den Eidmänner erschossen;;fue asesinado entrenando con los juramentados;;;;;;;;;x;
DEATH_ROBMODNORSE_DISAPPEARED;disappeared into a dark night;;;;;;;;;;;;;x;
DEATH_ROBMODNORSE_HOLMGANG;died in a Kappir-Holmgang (Champion's Duel) against;est mort dans un Kappir-Holmgang (Duel du champion) contre;starb in einem Kappir-Holmgang (Champion-Duell) gegen;;murió en un Kapoor-Holmgang (duelo de campeones) contra;;;;;;;;;x;
DEATH_ROBMODNORSE_TOURNAMENT;died competing in a Champion's Tournament;mort combattre courageusement dans un tournoi de champions;starb in einem Champions-Turnier tapfer;;Murió luchando valientemente en un Torneo de Campeones;;;;;;;;;x;
;;;;;;;;;;;;;;;x
;;;;;;;;;;;;;;x
;;;;;;;;;;;;;;x
;;;;;;;;;;;;;;x
;;;;;;;;;;;;;;x
;;;;;;;;;;;;;;x
;;;;;;;;;;;;;;x
;;;;;;;;;;;;;;x
